ind,1,2,3,4,5,6,7,8,9,10,11,12,13,14,15,16,17,18,19,20,21,22,23,24,25,26,27,28,29,30,31,32,33,34,35,36,37,38,39,40,41,42,43,44,45,46,47,48,49,50,51,52,53,54,55,56,57,58,59,60,61,62,63,64
1,0.027654393111484352,3.175016430710029e-06,0.0,6.350032861420058e-06,0.8783778206052215,0.021405960775847017,0.00011747560793627108,0.0007556539105089869,0.0,0.0,0.01539247965608222,0.004752999596772913,0.006330982762835798,0.0,0.0,0.0,6.350032861420058e-06,0.0,0.00029210151162532263,0.0,3.175016430710029e-06,0.00023812623230325215,0.0,0.0,0.0,0.00022542616658041204,0.0004349772510072739,0.0,0.008251867703415364,0.0019272349734409876,0.0,0.0,0.0,0.00031432662664029285,0.0,0.01866274657971355,0.0,0.0,0.0,0.0,1.5875082153550143e-05,3.175016430710029e-06,3.8100197168520346e-05,0.0,0.0002667013801796424,0.0,0.0022637867150962503,0.0,0.0002317761994418321,0.0,0.0,0.0,0.002076460745684359,0.0029241901326839364,0.003571893484548782,0.0019081848748567273,0.0006413533190034258,7.302537790633066e-05,0.0008064541734003473,2.540013144568023e-05,0.0,0.0,0.0,0.0
2,0.008153665229321835,0.6246177969423756,0.0,0.0009408075264602117,0.020148961191689532,0.0,0.05715405723245787,0.17796942375539004,0.0,0.0,0.0021952175617404937,0.004860838886711094,0.028616228929831438,0.0,0.0,0.0,0.0,0.0,0.00023520188161505292,0.0,0.0,0.01630733045864367,0.0,0.02987063896511172,0.0,0.0021168169345354764,0.0011760094080752645,0.0,0.008153665229321835,0.0003920031360250882,0.0,0.0,0.0,0.0,0.0,0.009486475891807135,0.0,0.0,0.0,0.0,0.0,0.0,0.0,0.0,0.0,0.0,0.0,0.0,0.0,0.0,0.0,0.0,0.0006272050176401411,0.0067424539396315165,0.0,0.0,0.0,0.00023520188161505292,0.0,0.0,0.0,0.0,0.0,0.0
3,0.0,0.0,0.1498152502519315,0.0,0.6829022505878402,0.0,0.0,0.0,0.0,0.0,0.0,0.00033590863285186433,0.0,0.0,0.0,0.0,0.0,0.0,0.0,0.0,0.0,0.0,0.0,0.0,0.0,0.0,0.001007725898555593,0.0,0.008733624454148473,0.001007725898555593,0.0,0.0,0.0,0.0,0.0,0.01175680214981525,0.0,0.0,0.0,0.0,0.0,0.0,0.0,0.0,0.0,0.0,0.0,0.0,0.0,0.0,0.0,0.0,0.0,0.020154517971111858,0.0715485387974471,0.019818609338259994,0.03191132012092711,0.001007725898555593,0.0,0.0,0.0,0.0,0.0,0.0
4,0.0,0.0,0.00010668108046598296,0.0018882551242478984,0.0033426738546007994,9.24569364038519e-05,1.0668108046598295e-05,0.0025354536790748615,6.045261226405701e-05,0.6031179323784192,0.014935351265237614,0.00043028035787946457,9.956900843491742e-05,0.034333527729968845,0.07436738119283673,0.003630712771858953,1.0668108046598295e-05,0.015835028377167402,0.0007823279234172083,0.0027665960200844914,0.0,0.00027737080921155566,0.0011485996330170831,0.20295008747848597,0.00027737080921155566,0.0012339444973898696,0.01906035304325562,1.0668108046598295e-05,0.010639659758474033,0.00011734918851258124,3.5560360155327653e-06,0.0,0.0,0.00013157333257471233,0.0,0.0008214443195880688,3.200432413979489e-05,3.5560360155327653e-06,3.5560360155327653e-06,0.00024181044905622804,2.133621609319659e-05,7.112072031065531e-06,2.4892252108729355e-05,0.0001564655846834417,0.0013975221541043766,2.4892252108729355e-05,0.00204472070893134,7.112072031065531e-06,0.0,0.00012090522452811402,3.5560360155327653e-06,0.0,9.24569364038519e-05,0.0005903019785784391,1.7780180077663826e-05,0.0,0.0,4.622846820192595e-05,0.00011379315249704849,0.0,3.5560360155327653e-06,2.8448288124262123e-05,0.0,0.0
5,0.13839675438415341,1.314166527427594e-05,0.0030845365779479106,0.0003848630544609383,0.44297362092303305,0.0036515055654952437,1.8773807534679918e-06,0.001103899883039179,0.0,0.00016520950630518328,0.005465055373345324,0.005350535147383776,3.7547615069359835e-05,1.8773807534679918e-06,0.0,3.7547615069359836e-06,3.7547615069359836e-06,3.1915472808955855e-05,0.0001990023598676071,0.0,0.0,7.321784938525167e-05,0.0009368129959805278,0.008654725273487441,0.0017027843433954685,4.50571380832318e-05,0.0014906403182535855,0.00010513332219420752,0.02085582279027592,0.011384436889029901,0.00016145474479824728,0.0,0.0,0.0006927534980296889,9.386903767339959e-06,0.312384893092553,7.509523013871967e-06,3.379285356242385e-05,5.819880335750774e-05,6.570832637137971e-05,7.884999164565565e-05,3.7547615069359836e-06,7.134046863178368e-05,0.0005894975565889493,0.0006476963599464571,9.01142761664636e-05,0.0016746236320934486,2.4405949795083892e-05,0.00041114638500949015,0.00034731543939157846,3.7547615069359836e-06,2.065118828814791e-05,0.000227163071169627,0.00587056961609441,0.006142789825347269,0.0074025123109242915,0.007177226620508133,0.00399131148187295,0.004233493599070322,0.00022153092890922303,0.0,0.0012390712972888745,0.0,0.0
6,0.001011581309089966,0.0,0.005265410403724694,0.00018156587599050668,0.0031903718209760467,0.5622446729868884,5.18759645687162e-05,0.006795751358501822,2.59379822843581e-05,0.0,0.012787425266188543,0.005861983996264931,0.022086191915130924,0.0014006510433553375,0.00037610074312319246,0.0013358060876444422,0.0,0.0012190851673648307,0.0010764262648008613,0.060098304952857715,0.0001037519291374324,0.03950354701907739,0.0027105191487154213,0.0,0.0009207983710947125,0.005382131324004306,0.021761967136576448,0.003838821378084999,0.026819873682026277,0.008131557446146265,0.003566472564099239,1.296899114217905e-05,0.0,0.009026417834956618,0.00014265890256396957,0.08620488412206415,6.484495571089525e-05,9.078293799525334e-05,9.078293799525334e-05,0.0009337673622368916,0.000518759645687162,3.890697342653715e-05,0.00029828679627011813,0.002062069591606469,0.0001556278937061486,0.008507658189269456,0.004837433696032786,0.00806671249043537,0.016561401688562648,0.0021917595030282594,0.0,0.00016859688484832766,0.012164913691363948,0.01674296756455315,0.0037739764223741036,0.009532208489501601,0.0036961624755210295,0.0017508138041941717,0.002347387396734408,0.0030477129184120766,0.001789720777620709,0.007431231924468595,0.0,0.0
7,0.0044782041834363125,0.0,0.0024375035428830564,0.006046520416454093,0.05196228482890237,0.0029287833267199513,0.35149178995899705,0.016495663511138823,0.0017005838671277137,0.0,0.007841581165088903,0.0033255862290497516,0.012867751261266366,0.020482587910738242,0.027625040152674637,0.012414262230032311,0.0,0.008389547077830054,0.020822704684163786,0.00177616537233339,7.558150520567617e-05,0.11225743060673053,0.007539255144266198,0.0,5.668612890425713e-05,0.0010014549439752091,0.1960773198798254,0.00026453526821986655,0.020047994255805602,0.005441868374808684,0.017780549099635317,0.0,0.0,0.01146949341496136,0.0,0.031196266273642838,0.00011337225780851425,1.8895376301419042e-05,0.0016816884908262947,0.0005857566653439903,0.0,0.0,1.8895376301419042e-05,0.0018895376301419043,1.8895376301419042e-05,0.004459308807134894,0.0026453526821986657,0.0003968029023297999,0.0007180242994539235,0.0036845983787767134,0.00034011677342554275,0.0,0.011582865672769872,0.002324131285074542,0.004100296657407932,0.0024563989191844753,0.0007936058046595998,0.00034011677342554275,0.0013226763410993329,0.002834306445212856,7.558150520567617e-05,0.001303780964797914,0.0,0.0
8,0.00033851421276101865,0.0,2.9015503950944454e-05,0.00033851421276101865,0.1741413828789183,0.01750602071706982,0.01784453492983084,0.3750544040699081,0.040350894161113426,0.0,0.026239687406304106,0.01420792510131247,0.01978857369454412,0.014884953526834508,0.006837987097772578,0.013995144739005542,0.00043523255926416685,0.008646620177381449,0.006277020688054318,0.00403315504918128,0.0007157157641232967,0.016974069811302506,0.005696710609035428,0.017854206764481156,0.00019343669300629637,0.018279767489095006,0.002195506465621464,0.0026500826941862603,0.016906366968750305,0.0031723617653032603,0.00040621705531322243,0.0,0.00010639018115346301,0.0019827261033145377,5.803100790188891e-05,0.032323271401352126,0.044519454895399116,0.0009478397957308523,0.0007157157641232967,0.0049809948449121315,0.01890843674136547,0.005416227404176298,0.008636948342731134,0.0,0.0013540568510440746,0.003588250655266798,0.0030853152534504272,0.007901888909307207,0.0038977493640768718,0.0005222790711170003,0.0,3.868733860125928e-05,0.00106390181153463,0.006663894074066911,0.01621966670857795,0.006073912160397706,0.0004932635671660557,0.0006673565908717226,0.0014217596935962784,0.0011509483233874635,0.00010639018115346301,0.0011606201580377782,0.0,0.0
9,0.0,0.0,0.0,5.192737091721046e-05,0.07207519083308811,0.0019386218475758571,0.00034618247278140306,0.000450037214615824,0.130026136776695,0.0,0.05699894414345802,0.0701192598618732,0.008602634448617866,0.002907932771363786,0.005227355338999186,0.012185623041905388,0.0,0.004933100237134994,0.016564831322590137,0.006127429768230834,0.0,0.004223426167933117,0.04022640333719904,0.017551451370017138,0.00034618247278140306,0.00012116386547349107,0.0002942551018641926,0.015007010195073823,0.07849687570318314,0.02265764284354283,0.00027694597822512245,1.7309123639070153e-05,0.00027694597822512245,0.00034618247278140306,3.4618247278140306e-05,0.008827653055925777,0.0007616014401190868,0.0007096740692018762,0.007598705277551797,0.10369895972166929,0.003981098436986135,0.0032368061205061186,0.01701486853720596,0.005088882349886625,0.02463088293839683,0.13333217939175737,0.008014124244889481,0.04953871185501878,0.0010904747892614196,0.00012116386547349107,0.0,0.0073736866702438855,0.01931698198120229,0.01580322988247105,0.00791026950305506,0.0029252418950028555,0.0016616758693507347,0.0033233517387014693,0.004119571426098697,0.0,0.0009520018001488585,0.0005365828328111748,0.0,0.0
10,0.03778659969213319,0.0009479056955359312,0.014121364336060926,0.005411974398444462,0.0053633638499554406,0.0015636393097302114,0.00382402981446974,0.0008506845985578871,0.0007291582273353318,0.08018309973264198,0.06184071943611763,0.0,0.010977882200437494,0.0,0.011391071862594183,0.0012071619541440494,0.0,0.005233735720651381,0.0021631694077614842,0.0022117799562505064,0.0008182775662318723,0.0013854006319371304,0.014259094223446489,0.19193064895082232,0.005444381430770477,0.016430365389289478,0.06525966134651219,0.022466175160009722,0.010742931216073887,0.008101758081503686,0.24447055010937374,0.007129547111723244,0.08641335169731831,0.002454832698695617,0.002406222150206595,0.002349509843636069,0.0004861054848902212,0.0007858705339058575,0.0004536984525642064,0.0008425828404763834,0.0,0.0,0.0001134246131410516,0.003354127845742526,0.0018309973264198332,0.005460584946933485,0.0028680223608523047,0.0005347160333792432,0.00027545977477112533,0.001960625455723892,0.00021064571011909585,4.8610548489022115e-05,0.0028275135704447863,0.01804261524750871,0.018010208215182694,0.005128412865591833,0.002138864133516973,0.0010208215182694646,0.002057846552701936,0.002017337762294418,0.0005752248237867617,0.001085635582921494,0.0,0.0
11,0.06726718665637668,0.00019217453107889224,0.0005795739826188813,0.0029070210812410205,0.029103765095614458,0.014095849335167636,0.006805418711698549,0.01832063862952106,0.0057225304810159024,0.0026141837005493754,0.326684501276588,0.03729406058683391,0.06445167725660181,0.027965969856052125,0.022932827375414473,0.017887483337248,0.0014733380716048404,0.008589896500288264,0.004072269825243192,0.04529218154697447,0.0030229358777647966,0.006677302357645954,0.004947731577935923,0.03811461533064696,0.0199251434445607,0.004825716002647738,0.07412141159819052,0.013260042644443564,0.028124590103926768,0.0006558337171739974,0.001738721947856644,7.320934517291133e-05,0.00010066284961275307,0.009004749456268094,0.0,0.005088049489517338,1.8302336293227832e-05,0.0034438896125090373,0.0002470815399585757,0.0007564965667867504,0.0010005277173631213,0.00010066284961275307,0.0005124654162103793,0.00012811635405259484,0.005515104003025987,0.004401711878521294,0.006774914817876503,0.0024616642314391436,0.0006344809914985649,0.0007107407260536808,2.7453504439841748e-05,2.440311505763711e-05,0.0006924383897604529,0.006311255631781398,0.0005765235932366767,0.045478255299288964,0.002364051771208595,0.00016777141602125514,0.00020742647798991542,0.000625329823351951,0.00033859322142471487,0.002547075134140873,0.0,0.0
12,0.017300893577930573,0.0,0.0003897224619324666,4.175597806419285e-05,0.024107118002394005,0.0001531052529020405,1.3918659354730953e-05,0.00012526793419257858,0.00013918659354730952,0.0,0.020697046460484925,0.10084068702502574,8.35119561283857e-05,0.0,0.0,0.0,0.0,6.959329677365476e-05,0.0001531052529020405,0.0,0.0001531052529020405,0.000570665033543969,0.0004871530774155833,0.0,6.959329677365476e-05,0.0007933635832196642,0.0009325501767669738,6.959329677365476e-05,0.07356011468975308,0.0006402583303176237,0.0001670239122567714,0.0,0.0,0.002881162486429307,0.0,0.01535228126826824,0.0,1.3918659354730953e-05,0.0001670239122567714,0.00027837318709461904,5.567463741892381e-05,0.0,0.0001670239122567714,1.3918659354730953e-05,0.0021295548812738357,0.0023940094090137234,0.012498956100548395,0.0019207749909528715,0.0049272054115747565,0.00020877989032096428,0.0,4.175597806419285e-05,0.0,0.014071764607632991,0.0016424018038582525,0.642318291902124,0.048409097235754255,0.0004732344180608523,0.0007794449238649332,0.003966817916098321,0.0,0.003730200707067895,0.0,0.0
13,0.015387846696366388,0.0,0.0009064679806767556,0.0007793413736306253,0.11424260178419429,0.013597019710151335,0.0066548015166756945,0.010258564464244259,0.010440963509136534,0.0,0.04835785587159107,0.015343628746089476,0.1967422425133483,0.016266678458120073,0.010214346513967345,0.006107604381998873,0.0023767148273841766,0.030151114845071356,0.013702037342059008,0.1619924608394778,0.0038635434054454408,0.014011562993997412,0.0040017245000608,0.0,0.0002266169951691889,0.008301920164490774,0.07200893202595593,0.050325554658913786,0.028702976973502388,0.0051900819137528885,0.0024651507279380065,2.210897513845746e-05,0.0002984711643691757,0.015625518179104805,0.0,0.056228651020881926,0.0003316346270768618,0.0007903958611998541,0.0020892981505842294,0.00091199522446137,0.0008180320801229259,7.185416919998674e-05,0.0003869070649230055,0.0001658173135384309,0.00044770674655376344,0.009025989100275257,0.004438376759045334,0.009855075667967412,0.000364798089784548,0.005947314312245056,0.00012159936326151601,0.0,0.012176518057505444,0.001033594587722886,0.000652214766584495,0.0031394744696609587,0.0003261073832922475,0.003476636340522435,0.003813798211383911,0.0013652292147997478,0.00027083494544610385,0.0031836924199378737,0.0,0.0
14,0.00016676858079937742,0.0,0.0,0.013246190132064834,0.08391636158604862,0.0023744669361435164,0.004343924461774259,0.0001270617758471447,0.002970069010427007,5.55895269331258e-05,0.027445343582983256,0.005971903464815801,0.0069248667836693855,0.12678382821247905,0.02731034044614566,0.00450275168158319,0.00015882721980893085,0.014707400554306997,0.0016915098909651136,0.047354335586032734,0.011364087577329002,0.00817960182015994,0.0023029946872294973,0.0,0.0009609046798440317,0.005654249025197939,0.48308093040985367,0.02334760131191284,0.012142340954392764,0.0018900439157262772,0.0006194261572548303,3.1765443961786176e-05,0.0005717779913121512,0.0017550407788886862,8.735497089491198e-05,0.030772773837980355,4.764816594267926e-05,0.0001111790538662516,0.0,0.0006035434352739372,3.970680495223271e-05,0.0,4.764816594267926e-05,0.0005479539083408115,0.0002858889956560756,0.0059560207428349075,0.0016041549200702017,0.001183262787576535,3.970680495223271e-05,0.0006670743231975097,0.0,2.382408297133963e-05,0.014318273865775118,0.003343312976977995,0.0009847287628153715,0.012078810066469192,0.0007544292940924216,0.0012785591194618936,0.0007861947380542079,0.0014770931442230572,0.0001508858588184843,0.0008576669869682267,0.0,0.0
15,0.0,0.0,7.682292719612488e-05,0.0009582649339727157,0.0018397069407493066,0.0006509732251882162,0.00015364585439224976,0.0007884458317497028,0.0028990546736642918,4.043311957690784e-06,0.0014879388004302083,0.0004568942512190586,0.0005943668577805452,0.003582374394514034,0.20537598757894565,0.2791502575589717,0.000764185960003558,0.06337891493680303,0.07866263413687419,0.16694430742109476,0.011442572840264918,0.013642134545248702,0.024033446276514017,0.005070313194944243,0.0003194216446575719,0.0031335667672103573,0.07527433871632933,0.00030324839682680877,0.026697988856632243,0.0008814420067765909,0.0018882266842415961,0.00035985476423447974,0.00028303183703835486,0.007876371693581647,0.0,0.0009057018785227354,0.0,0.0003315515805306442,0.00022642546963068386,0.0003194216446575719,0.0002789885250806641,4.85197434922894e-05,0.00014151591851917743,0.0003638980761921705,0.0007924891437073936,0.00887911305908896,0.004961143772086591,0.0013504661938687217,4.0433119576907835e-05,0.0,0.0,0.0,0.0007358827762997226,0.0011725604677303271,0.0002709019011652825,0.0,0.0,6.469299132305255e-05,8.086623915381567e-05,0.0,2.0216559788453917e-05,4.0433119576907835e-05,0.0,0.0
16,0.025152390661551022,4.230136337294151e-06,0.00035110131599541455,0.0012986518555493042,0.03395530437946015,0.005368043012026278,0.001150597083744009,0.0015989915354971888,0.000977161493914949,4.230136337294151e-06,0.011332535247611028,0.0017851175343381318,0.01132407497493644,0.0015989915354971888,0.08259764212200559,0.15929001391714853,0.0068147496393808765,0.045947740895689065,0.05555861065402138,0.24539020892643368,0.0188029560192725,0.013557586961027754,0.02385796894233901,0.03880304062199924,0.0024830900299916666,0.013193795236020454,0.10495814280094246,0.002749588619241198,0.013033050055203279,0.0014720874453783644,0.000926399857867419,0.0,2.5380818023764904e-05,0.010279231299624787,0.0,0.017432391845989197,2.961095436105905e-05,0.0005118464968125922,4.230136337294151e-06,9.306299942047132e-05,0.0,0.0,1.6920545349176605e-05,0.00036379172500729696,8.460272674588302e-06,0.01157788315517409,0.004928108832947685,0.002478859893654372,8.037259040858886e-05,0.013680260914809282,0.0003468711796581203,2.1150681686470753e-05,0.0037648213401917942,0.0018020380796873083,0.0008206464494350652,0.00016074518081717773,0.0,0.00042301363372941505,0.0017470463073024842,0.0004822355424515332,0.0019923942148655453,0.0015905312628226008,0.0,0.0
17,0.00033954320121330105,0.0,0.0006790864024266021,0.00021504402743509067,0.00010186296036399031,0.0005432691219412817,0.0,0.0,0.004074518414559612,0.0,0.0,0.0067682278108518006,2.263621341422007e-05,3.3954320121330106e-05,0.0,0.004346152975530254,0.08396903366004935,0.030943703737238832,0.01942187110940082,0.1773094596735858,0.0014713538719243046,0.007911356588269915,0.008635715417524956,0.01670552549969441,0.002863480996898839,0.0021504402743509066,0.00994861579554972,0.002173076487765127,0.027174774203771193,0.01636598229848111,0.005036557484663966,0.00023768024084931075,0.0006224958688910519,0.0033614776920116805,0.000984675283518573,0.05694139484347059,0.0020712135274011364,0.11346401973877811,0.09412137537632706,0.08512348054417458,0.0026710731828779683,0.00011318106707110035,0.0011997193109536638,0.0015392625121669647,0.0006338139755981619,0.06184213504764923,0.011419969667474026,0.020485773139869164,0.005296873938927496,0.004979966951128415,0.0,0.0,0.0329356905176902,0.007028544265115332,0.006123095728546529,0.01687529710030106,0.006915363198044232,0.0040632003078525025,0.003972655454195622,0.005625099033433688,0.01619621069787446,0.003950019240781402,0.0,0.0
18,0.0018324905904269476,0.0,0.0005778808500931452,0.0003877884651940843,0.0011557617001862904,0.0003953921605900468,4.562217237577462e-05,7.603695395962438e-06,0.00033456259742234727,0.0,0.0002889404250465726,0.0,7.603695395962438e-06,0.0024103714405200928,0.005885260236474927,0.00399194008288028,0.023001178572786374,0.14072159069307683,0.08288027981599057,0.11527962589818651,0.032460175645363645,0.0032467779340759613,0.04201041706269247,0.056632323309128235,0.007679732349922062,0.003353229669619435,0.2846519408432498,0.005596319811428354,0.021693342964680836,0.003178344675512299,0.003482492491350796,4.562217237577462e-05,6.843325856366194e-05,0.002965441204425351,0.00025092194806676044,0.03392008516138844,0.00020529977569098582,0.0009124434475154925,0.01934380108732844,0.007938257993384785,0.001406683648253051,0.00022050716648291068,0.000661521499448732,0.0028665931642778393,0.0032924001064517355,0.04327263049842223,0.0067444778162186825,0.004364521157282439,0.0005474660685092955,0.0,4.562217237577462e-05,0.0,0.011268676576816333,0.004022354864464129,0.002136638406265445,2.281108618788731e-05,0.0,0.0028209709919020647,0.0015435501653803748,0.0014675132114207506,0.001961753412158309,0.0024940120898756793,0.0,0.0
19,0.006911022534925624,0.0,0.0012558404380621057,0.007347836600338531,0.01028853129070756,0.0011154359170365287,0.0033853090069500234,0.005374373054812366,0.008088860461306854,0.05152065896521868,0.004492944672818465,0.014212057628255628,0.00649760922301698,0.0052651695384591385,0.009329100397032783,0.008424271261534621,0.003533513779143688,0.007340036349170443,0.20624644113540455,0.09819736195505496,0.015140287517258055,0.0028392914251838906,0.036107362657077556,0.10154366970616453,0.014680072698340886,0.0040405301050693825,0.03799502343975476,0.013533435776632007,0.03984368296659153,0.003697319053673528,0.0006552210981193594,0.0,5.460175817661328e-05,0.053221113719861775,0.0,0.06360324802458639,0.0007956256191449364,0.0008580276284896373,0.018884408077940108,0.004165334123758785,0.0,0.0,7.020226051278851e-05,0.0011544371728769666,0.00568638310153587,0.0926279826210404,0.006255801436806265,0.0022776733410815827,0.0008268266238172869,0.0021060678153836552,7.800251168087613e-06,0.0,0.001996864299030429,0.006411806460168017,0.0009048291354981629,0.00031981029789159205,0.00014820477219366462,0.0016146519917941357,0.0022386720852411446,0.0008658278796577249,0.0017784572663239757,0.0022230715829049696,0.0,0.0
20,7.064788264139966e-05,0.0,0.0006316751859701616,4.155757802435274e-05,0.0,0.00010389394506088185,0.00031999335078751614,0.0,2.4934546814611642e-05,0.0,0.0,0.0,0.004708473590159166,0.0014046461372231225,0.0007147903420188671,0.00522378755766114,0.00011636121846818767,0.01792378340190334,0.005955200930889748,0.7574533516186676,0.030702738644391804,0.0002742800149607281,0.002676308024768317,0.0,4.155757802435274e-06,0.004783277230603,0.0008394630760919253,0.1000124672734073,0.005365083322943939,0.0006399867015750323,0.018114948260815358,4.155757802435274e-06,4.155757802435274e-06,0.0009142667165357603,0.0003158375929850808,0.0021402152682541663,8.311515604870549e-06,1.6623031209741097e-05,0.0,0.00041973153804596267,0.0,0.0,8.311515604870549e-06,0.000698167310809126,2.4934546814611642e-05,0.0053733948385488095,0.00515313967501974,0.00023272243693637533,0.008976436853260192,0.005518846361634045,4.155757802435274e-06,4.155757802435274e-06,0.007829447699788057,0.0006482982171799027,0.0004612891160703154,9.142667165357603e-05,0.0,0.00015376303869010514,0.0024144952832148943,0.0001579187964925404,0.00010804970286331713,0.00021194364792419897,0.0,0.0
21,0.0,0.0,0.0013526637069922309,0.00029481132075471697,0.00017341842397336295,5.2025527192008883e-05,0.00013873473917869037,0.0,0.0003641786903440622,0.0,3.4683684794672593e-05,0.0,0.0006416481687014429,0.0,0.0006589900110987792,0.00039886237513873474,0.001838235294117647,0.004578246392896781,0.00528926193118757,0.0024798834628190903,0.6062361265260822,0.0006069644839067703,0.14338235294117646,0.0,1.7341842397336297e-05,1.7341842397336297e-05,0.0005202552719200888,0.004127358490566038,0.004977108768035516,0.002254439511653718,0.012572835738068814,3.4683684794672593e-05,0.05006589900110988,0.026845172031076586,0.00019076026637069926,0.004994450610432853,0.0,1.7341842397336297e-05,0.0,0.0029654550499445065,0.001699500554938957,0.0006243063263041066,0.0008324084350721421,0.0003641786903440622,3.4683684794672593e-05,0.0737721975582686,0.018521087680355163,0.002844062153163152,0.00043354605993340734,0.008185349611542731,0.0,1.7341842397336297e-05,0.002653301886792453,0.003052164261931188,0.0023238068812430636,0.0,0.0,0.00027746947835738075,0.003936598224195339,0.0018035516093229747,0.00015607658157602665,0.0003468368479467259,0.0,0.0
22,0.0011382780130219006,0.0,0.002064077463613046,0.0006070816069450137,0.0035362503604547046,0.013097785669838668,0.0011231009728482752,0.0006981438479867656,0.0,6.070816069450137e-05,0.0015784121780570354,0.0055396196633732495,0.0016391203387515368,0.0004401341650351349,0.0035362503604547046,0.007421572644902791,0.0005311964060768869,0.0010775698523273992,0.016239432985779113,0.17833022204009774,0.00012141632138900274,0.08616005706567106,0.01472172896841658,0.034239402631698765,0.00133557953527903,0.0021703167448284236,0.13458999225970952,0.0040219156460107154,0.015450226896750597,0.010866760764315742,0.00030354080347250683,0.0,9.106224104175205e-05,0.0003794260043406335,9.106224104175205e-05,0.041053893669656547,7.588520086812671e-05,0.012490704062893656,1.5177040173625342e-05,0.0012748713745845287,0.01514668609327809,0.0017757137003141647,0.006495773194311646,0.0013659336156262806,0.0006829668078131403,0.005782452306151255,0.006920730319173156,0.006040461989102885,0.008180424653584059,0.007497457845770918,9.106224104175205e-05,4.553112052087602e-05,0.028669428887978268,0.005145016618858991,0.034087632229962514,0.2536538724218003,0.0030050539543778174,0.008939276662265325,0.0010927468925010246,0.0030657621150723185,0.0013507565754526554,0.0028532835526415643,0.0,0.0
23,0.024532975437419204,0.000740134013598729,0.01200003947381406,0.008674370639377104,0.05173043332379384,0.004105276662094284,0.009996743410340165,0.017802690140428096,0.0021710597732229383,0.007164497251635696,0.025579031509972074,0.004282908825357978,0.01088490422665864,0.016115184589422994,0.03835867881144346,0.03666130480692371,0.0,0.01380596646699496,3.9473814058598884e-05,0.028727068181145336,3.9473814058598884e-05,0.004085539755064984,0.06385876269329833,0.04489159503814157,0.017102029940887966,0.011546090612140172,0.0037302754285375938,0.013825703374024258,0.03133233990901286,0.015602025006661207,0.061292964779489416,0.007411208589501939,0.0668094302941786,0.03071062733758993,0.003838828417198741,0.025776400580265067,0.005200675002220403,0.0022401389478254865,0.043855407419103355,0.008398053940966911,0.02033888269369307,0.0022598758548547856,0.008842134349126148,0.0018552692607541473,0.014259915328668845,0.0028717199727630685,0.004026329033977085,0.0018651377142687969,0.0030789574965707127,0.02151322866193639,0.00012828989569044636,0.003424353369583453,0.013292806884233172,0.02547047852131093,0.027148115618801382,0.02779943355076826,0.00805265806795417,0.006463837052095567,0.02851983065733769,0.0,0.0008388185487452262,0.003029615228997464,0.0,0.0
24,0.019615211521152115,6.525652565256526e-05,0.0004230423042304231,0.004108910891089109,0.04237623762376238,0.005283528352835284,0.0035643564356435645,0.018499099909991,0.0015481548154815481,0.02738073807380738,0.030828082808280827,0.0027025202520252023,0.008123312331233123,0.044855985598559855,0.0355040504050405,0.013611611161116111,0.00048604860486048607,0.006370387038703871,0.002997299729972997,0.014489198919891989,0.0020882088208820882,0.004610711071107111,0.006966696669666967,0.27113861386138616,0.004932493249324932,0.009448694869486948,0.013305580558055804,0.008046804680468048,0.03759225922592259,0.04793429342934293,0.04229072907290729,0.0030693069306930694,0.01790954095409541,0.028609360936093613,0.0021332133213321333,0.058568856885688574,0.0010733573357335734,0.001770927092709271,0.020648064806480647,0.00538028802880288,0.00015976597659765976,6.75067506750675e-06,0.0003127812781278128,0.015555805580558055,0.008818631863186318,0.0025922592259225922,0.0032605760576057607,0.0023109810981098112,0.0027070207020702067,0.00238973897389739,0.00019351935193519351,0.0005265526552655265,0.008544104410441044,0.02391989198919892,0.010036003600360036,0.014988748874887488,0.012592259225922593,0.00468046804680468,0.007972547254725473,0.001536903690369037,0.0009518451845184518,0.005591809180918092,0.0,0.0
25,0.086252423598929,0.0,0.0009232757824762256,0.0004062413442895393,0.025556273658941926,0.002954482503923922,0.00038777582864001477,0.0019942756901486476,0.0010340688763733727,0.044926599575293144,0.010709999076724217,0.002954482503923922,0.0018650170806019757,0.0016803619241067306,0.00343458591081156,0.0025667066752839075,0.0004616378912381128,1.8465515649524514e-05,0.015511033145600591,0.0021789308466438925,0.0008678792355276522,0.001366448158064814,0.003563844520358231,0.04679161665589512,0.20060936201643434,0.17785984673622013,0.012131843781737605,0.005816637429600221,0.02843689410026775,0.04261841011910258,0.0007386206259809805,0.0,0.0,0.008863447511771766,1.8465515649524514e-05,0.09253069891976734,0.000720155110331456,0.0008124826885790786,0.0021789308466438925,0.002049672237097221,0.0031206721447696426,0.0,0.0015326377989105346,0.02437448065737236,0.008844981996122242,0.002418982550087711,0.003379189363862986,0.001901948111901025,0.0010894654233219463,0.0018280860493029268,0.000720155110331456,0.001440310220662912,0.007829378635398393,0.022638722186317052,0.012575016157326192,0.021696980888191303,0.01399686086233958,0.004856430615824947,0.018151601883482596,0.0049302926784230445,0.0008309482042286031,0.008050964823192688,0.0,0.0
26,0.0007089896470427445,0.0,0.00046981241671507164,0.0029640892472750885,0.023123312946321795,0.004117265179212082,0.0013667270304438446,0.019040215942870812,0.0016571565244131615,0.006329654559743055,0.04213790275737179,0.003416817576109612,0.02184200635528069,0.020236102094509177,0.2058034646530222,0.032835616906413366,0.0012642225031605564,0.0060050568900126425,0.00799535312809649,0.006517579526429084,0.0035449482352137222,0.0033399391806471458,0.010276078860149657,0.018348310383708617,0.007209485085591281,0.34169029965490144,0.036756415074999146,0.003271602829124953,0.026343663511805105,0.011019236682953498,0.008208904226603342,0.0006577373834011003,0.003134930126080569,0.00616735572487785,3.4168175761096116e-05,0.00937062220248061,0.001990296238083849,0.002024464413844945,0.006722588580995661,0.007337615744695392,0.0,0.0,4.271021970137014e-05,0.01165988997847405,0.014504390610585303,0.003408275532169338,0.003801209553421943,0.0024344825229780983,0.0016571565244131615,0.002716369973007141,0.00029897153790959104,0.0007944100864454848,0.007491372535620324,0.0016144463047117915,0.0015375679092493252,0.0040233026958690675,0.01808350702156012,0.004014760651928794,0.0033911914442887898,0.0016827826562339837,0.00034168175761096115,0.0012215122834591861,0.0,0.0
27,0.010303599233272813,3.372700240023833e-05,6.183283773377028e-05,0.0016357596164115592,0.01585450171164537,0.002889279872287084,3.934816946694472e-05,0.0013940494325431845,0.0015233362750774315,0.000837553892939252,0.006236684860510739,0.0017453723742123339,0.004401373813231102,0.005570576563106031,0.0018465533814130488,0.003277140399889825,0.0010342947402739754,0.00031478535573555775,0.0033698896564904805,4.215875300029792e-05,0.0022962467467495602,0.00148679868914384,0.010165880640138505,0.0174199967397231,0.0022878149961495006,0.003322109736423476,0.5584432739925462,0.005039376275302278,0.02772359597299591,0.026329546540452727,0.020298034277876773,0.00046655686653663034,0.0013687541807430059,0.021708947211620075,0.001225414420541993,0.022029353734422337,0.0003766181934693281,0.001444639936143542,0.010652111591408607,0.009814557698469355,0.0038308253559604043,0.0017987734613460445,0.0013912388490098313,0.04057639447102007,0.004387320895564336,0.006186094356910381,0.0019842719745473553,0.001978650807480649,0.0018240687131462234,0.007965193733522953,0.00023327843326831517,0.0007672893046054221,0.00960657451700122,0.01338118820229456,0.013555444381362457,0.0038617417748272897,0.006371592870111692,0.0028977116228871436,0.002847121119286786,0.0008066374740723668,0.00017425617906789806,0.0025098510952844028,0.0,0.0
28,0.1575111035552628,0.007055273391843935,0.0008287821153069682,0.006247742100006375,0.018084450772467432,0.002465095522451495,0.0019763265826550783,0.0031451218734725975,0.001020039526531653,0.002465095522451495,0.003315128461227873,0.005652719042862912,0.009647873855111885,0.0060777355122511,0.010667913381643539,0.004271415517351298,0.0006800263510211022,0.017978196655120387,0.016873153834711097,0.010497906793888264,0.0032301251673502347,0.0012963002316339757,0.017765688420426293,0.012240474318379838,0.01638438489491468,0.04662430669188431,0.017978196655120387,0.06876766474700896,0.08861593386743737,0.016915655481649913,0.20092653590326626,0.00019125741122468496,0.001593811760205708,0.007459039037762714,0.0038251482244936992,0.03181248273370593,0.00012750494081645663,0.0006162738806128737,0.0037826465775548804,0.006587755275516927,0.0056952206898017305,0.0017425675244915739,0.02023078394287779,0.0029538644622479123,0.017680685126548655,0.009074101621437831,0.005865227277557006,0.001933824935716259,0.004845187751025353,0.01600187007246531,0.00019125741122468496,4.2501646938818886e-05,0.01217672184797161,0.02163333829185881,0.010752916675521177,0.014514312429606647,0.0009137854091846059,0.009350362326540154,0.009222857385723697,0.00017000658775527555,0.00040376564591877934,0.001402554348981023,0.0,0.0
29,0.03797576048200599,0.0014211906290363748,0.0015236710417423991,0.0019374598779516295,0.13981228682140565,0.019030419280239456,0.007867788666053073,0.012875793739800299,0.003267771650437379,0.003053142861562498,0.059467643259882595,0.014909933252380254,0.020786121445089834,0.014977608996620081,0.028972952905416384,0.03243601741780298,0.004601950608308261,0.018910536533300333,0.026929145429373597,0.067985119070638,0.015559620397082597,0.013384328617945288,0.013111692048293412,0.02441547492903715,0.00431577888980842,0.005740836704229927,0.06976402434779919,0.007117554701337274,0.11109070096602291,0.02092727371164719,0.008840385790414022,0.00017982412040868417,0.003176892793886754,0.007038277400942047,0.00010054682001345781,0.062033520762918334,0.004714098984477119,0.006850718909763097,0.0052864424214768,0.003880720533980958,0.002018670771039422,0.00029003890388497447,0.001024804127060243,0.0008565815628069579,0.0007850386331819976,0.013612492555668135,0.003965798612453884,0.003412791102379866,0.0014733976317356703,0.0023589830849311258,6.380855885469437e-05,0.0001102147834762903,0.005158825303767413,0.005622887549983371,0.005520407137277347,0.03604216778943949,0.0036293534839473133,0.0020264051418096883,0.0017634365356206448,0.001293573511326986,0.0010228705343676766,0.0016764248644551524,0.0,0.0
30,0.04939676825430439,5.882318339303887e-05,0.0018352833218628127,0.001511755813201099,0.20413115216969313,0.02336750960288469,0.002035282145399145,0.008861712578161306,0.0024617502249986768,0.002017635190381233,0.050334998029423365,0.013102864100799408,0.026555726142787398,0.010852877336015672,0.02300280586584785,0.0314145210910524,0.006973488391244758,0.023317509897000606,0.018846947959129653,0.08384068329009829,0.005573496626490433,0.01174404856442021,0.01062346692078282,0.02204692913571097,0.003641155052029106,0.004532326280433645,0.0791465932553338,0.009405827024546915,0.020529291004170565,0.0061440815054029105,0.010770524879265417,0.00018529302768807243,0.0031676284257151433,0.00503820565761378,0.00017352839100946468,0.08749948529714532,0.002717631072758396,0.009058770242527986,0.0072852512632278635,0.0045705613496391205,0.0027882188928300424,0.00046470314880500707,0.0012676396021199876,0.0009441120934582739,0.0012058752595572968,0.010908759360239058,0.004532326280433645,0.0042617396368256665,0.0018411656402021167,0.002873512508749949,0.00010882288927712192,5.294086505373498e-05,0.007244075034852737,0.0066676078376009555,0.007705837024488092,0.04434385680084235,0.0045705613496391205,0.0028117481661872577,0.002282339515649908,0.0017499897059429063,0.0014146975606025849,0.002185281263051394,0.0,0.0
31,0.004293274740199743,0.00034280900967374376,0.0004995216998103124,0.0075581224513782555,0.07890810433147347,0.007287140091350439,0.005935493138922536,0.013591561021636146,0.0016291590078780776,0.012997358738201658,0.026758691840819086,0.0029481574831941963,0.013506674981145505,0.020555481189579915,0.01917771545546258,0.014828938304172801,0.0015834511399215785,0.0070977789241020856,0.01141390759828008,0.01968376685069525,0.0028959199198153405,0.008041319912632676,0.0033072907314238326,0.0027816502499240924,0.000923951902263519,0.009177486916122798,0.01854107015178277,0.009618241357131898,0.13454763902537767,0.029876621404994565,0.1385699314055496,0.0007247961918816297,0.0008194767755058066,0.2189896602272987,0.0016781317235457552,0.011142925238252263,0.00972271648388961,0.0022560097684243517,0.0029285683969271256,0.0046752619224076294,0.0014561220791856164,0.0005060513952326694,0.000937011293108233,0.001191669414580157,0.0018315795659711454,0.005227021185596798,0.0022658043115578877,0.002824093270169413,0.0016618074849898627,0.008717143388846627,0.00017630177640363967,0.018074196929084244,0.00495930367328016,0.049197990159749,0.0034476791830045086,0.0034248252490262595,0.0012765554550707983,0.0011198427649342295,0.002203772205045496,0.005184578165351478,0.0007770337552604859,0.0017238395915022543,0.0,0.0
32,0.0006780810306831667,0.00033904051534158335,0.12612307170706902,0.007967452110527209,0.05119511781657908,0.008815053398881167,0.003898965926428208,0.009662654687235126,0.0013561620613663334,0.02051195117816579,0.024410917104594,0.004238006441769792,0.0101712154602475,0.009493134429564332,0.017630106797762335,0.013392100355992542,0.0016952025767079167,0.00711985082217325,0.009832174944905916,0.03407357179182913,0.004916087472452958,0.004577046957111375,0.005424648245465334,0.010849296490930667,0.0020342430920494998,0.024919477877606375,0.022546194270215293,0.008984573656551958,0.09527038481098492,0.020172910662824207,0.013392100355992542,0.006950330564502458,0.0010171215460247499,0.04102390235633158,0.002203763349720292,0.012205458552297,0.007458891337514834,0.006441769791490083,0.002712324122732667,0.004238006441769792,0.001525682319037125,0.0011866418036955415,0.0018647228343787086,0.002203763349720292,0.0033904051534158334,0.003729445668757417,0.005424648245465334,0.002203763349720292,0.00508560773012375,0.004577046957111375,0.001525682319037125,0.21868113239532125,0.004577046957111375,0.03780301746058654,0.011866418036955416,0.009832174944905916,0.004407526699440584,0.007797931852856416,0.007797931852856416,0.001525682319037125,0.001525682319037125,0.001525682319037125,0.0,0.0
33,4.111334950458414e-05,4.111334950458414e-05,0.003001274513834642,0.002137894174238375,0.008921596842494757,0.002014554125724623,0.0009867203881100191,0.002466800970275048,0.0004933601940550096,0.005509188833614274,0.010031657279118528,0.0028779344653208894,0.00427578834847675,0.0028368211158163056,0.003700201455412572,0.005550302183118859,0.0007811536405870985,0.0029190478148254733,0.0027134810673025526,0.0034946347078896513,0.001480080582165029,0.0016034206306787813,0.003247954610862147,0.0008633803395962669,0.000616700242568762,0.005098055338568433,0.01512971261768696,0.0023434609217612957,0.06306787814003206,0.019652181063191214,0.003247954610862147,0.0003289067960366731,0.0008222669900916827,0.017103153393907,0.0020967808247337907,0.005139168688073017,0.00546807548410969,0.0014389672326604447,0.0011511737861283557,0.009127163590017678,0.07449738930230645,0.0365497677095753,0.022406775479998354,0.0022612342227521275,0.009620523784072688,0.00994943058010936,0.012292891501870656,0.005879208979155531,0.006084775726678452,0.005056941989063849,0.0011511737861283557,0.4501089503761871,0.016116433005796984,0.028614891255190556,0.007359289561320559,0.010812810919705628,0.0008633803395962669,0.00189121407721087,0.0017267606791925337,0.07116720799243513,0.0007811536405870985,0.0009867203881100191,0.0,0.0
34,0.0007921396133768273,2.460060911108159e-06,0.0009077624761989106,0.0024895816420414567,0.03114929125645151,0.0033456828391070963,0.0023124572564416695,0.005766382775637525,0.0014046947802427588,0.016789915718313186,0.02352064237110511,0.0027257474895078402,0.006292835810614671,0.0060566699631482875,0.011887014322474623,0.007303920845080123,0.0009077624761989106,0.004870920603994155,0.005968107770348394,0.012174841449074278,0.0014046947802427588,0.002959453276063115,0.028039774264810795,0.07604048276235319,0.0011832892982430246,0.003904116665928648,0.004957022735882941,0.022777703975950442,0.15853124523363196,0.0385343941115982,0.156939585824145,0.007517946144346534,0.029341146486787012,0.24602823165901586,0.0029717535806186557,0.005864785212081851,0.0027798688295522195,0.0013087524047095407,0.0025289426166191873,0.004386288604505848,6.888170551102844e-05,0.00010332255826654268,0.0003591688930217912,0.018381575127800164,0.001731882881420144,0.003357983143662637,0.002243575550930641,0.002492041702952565,0.001594119470398087,0.005542517232726683,0.0002410859692885996,0.0004526512076439012,0.0028561307177965723,0.010718485389698247,0.0003222679793551688,0.0,0.00024846615202192405,0.0012029697855318897,0.001594119470398087,0.0,0.00086840150162118,0.0009520435725988576,0.0,0.0
35,0.0,0.0,7.673860911270984e-05,0.0002302158273381295,0.0049688249400479615,0.001266187050359712,0.0002302158273381295,0.0011894484412470023,0.0003645083932853717,0.0028009592326139086,0.003932853717026379,0.005122302158273381,0.003856115107913669,0.0019184652278177458,0.0,0.00581294964028777,0.0,0.0004412470023980815,0.00452757793764988,0.0034340527577937647,0.0,0.000882494004796163,0.0014580335731414868,0.016172661870503598,0.002973621103117506,0.0052182254196642686,0.06223501199040767,0.000671462829736211,0.05970263788968825,0.03376498800959232,0.0019952038369304556,0.0,0.0,0.017515587529976017,0.34720383693045564,0.02724220623501199,0.0031654676258992807,0.00019184652278177457,0.059798561151079135,0.0638273381294964,0.012258992805755396,0.007309352517985612,0.0068297362110311755,0.03269064748201439,0.029793764988009595,0.02538129496402878,0.0073860911270983215,0.015731414868105517,0.011952038369304556,0.00890167865707434,0.003107913669064748,0.0006139088729016787,0.024517985611510792,0.03015827338129496,0.016038369304556353,0.012911270983213428,0.007290167865707434,0.00030695443645083935,0.000460431654676259,0.0,0.0006522781774580336,0.0015155875299760193,0.0,0.0
36,7.693728072874992e-05,0.0,0.00040776758786237457,0.00021542438604049975,0.0012386902197328738,0.00036160521942512464,0.0001846494737489998,0.0001769557456761248,0.00015387456145749985,0.0007462916230688742,0.006047270265279743,0.0006693543423401243,0.001861882193635748,0.0002000369298947498,0.0008770850003077492,0.0024542992552471225,0.0005385609651012495,0.00023081184218624976,0.0017849449129069982,0.0022850372376438726,0.0015310518865021233,0.00031544285098787466,0.001007878377546624,0.000938634824890749,0.00040776758786237457,0.005424078291376869,0.03589124145996184,0.0021850187726964974,0.01731088816396873,0.006362713116267619,0.024635317289345725,0.0001000184649473749,0.000977103465255124,0.00487012987012987,0.0006616606142672493,0.05644118914261095,0.003239059518680372,0.0033698528959192463,0.001030959561765249,0.06404259247861144,0.026797254877823598,0.006962823905951868,0.010971256231919739,0.0058549270634578685,0.017503231365790607,0.0252277343509571,0.008647750353911491,0.00480858004554687,0.0028159044746722474,0.0013310149566073738,0.0006154982458299994,0.47324890749061366,0.007901458730842617,0.02729734720256047,0.013756385794300486,0.03753769926755708,0.007032067458607743,0.0015618267987936234,0.0018695759217086231,0.06501200221579369,0.0008924724564534991,0.001100203114421124,0.0,0.0
37,0.0,0.0,0.0,0.00014510278113663845,0.022853688029020557,0.0007980652962515114,0.00012091898428053205,0.00012091898428053205,0.02681983071342201,9.673518742442564e-05,0.005102781136638453,0.0028053204353083432,0.0,0.0004836759371221282,2.418379685610641e-05,0.0007255139056831923,0.00014510278113663845,0.0006771463119709794,0.0011366384522370012,0.004328899637243047,4.836759371221282e-05,0.0008948004836759371,0.0003385731559854897,0.0003869407496977026,0.00031438935912938334,0.0008706166868198308,0.00626360338573156,0.011680773881499395,0.05857315598548972,0.02026602176541717,0.0012091898428053204,9.673518742442564e-05,0.0009189842805320435,0.008730350665054414,4.836759371221282e-05,0.0094316807738815,0.20875453446191053,0.02079806529625151,0.006795646916565901,0.03032648125755744,0.07525997581620314,0.010544135429262394,0.03257557436517533,0.006481257557436518,0.00437726723095526,0.06072551390568319,0.0033615477629987908,0.020048367593712216,0.0007980652962515114,0.000652962515114873,0.00016928657799274486,0.00592503022974607,0.016251511487303506,0.06009673518742443,0.16469165659008464,0.03656590084643289,0.004981862152357921,0.0015961305925030228,0.006045949214026602,0.034365175332527205,0.00016928657799274486,0.0011850060459492142,0.0,0.0
38,0.0,0.0,0.0,0.0,0.08007298751155241,0.0016588070807365106,9.478897604208632e-05,0.0,0.050214460058295225,0.0,0.017559657811796487,0.010023934216450626,0.0001184862200526079,0.0006872200763051257,2.369724401052158e-05,0.0006635228322946042,0.00026066968411573736,0.0010900732244839926,0.0010426787364629494,0.019597620796701347,0.0001184862200526079,0.0013744401526102515,0.0014455318846418163,0.005592549586483093,0.0002369724401052158,0.0009715870044313846,0.0027251830612099815,0.038057773880897657,0.1788904950354274,0.0602857887627669,0.0009004952723998199,9.478897604208632e-05,0.0012796511765681654,0.003957439749757104,0.0,0.02367354676651106,0.004692054314083273,0.28654707457522693,0.021280125121448376,0.02343657432640584,0.0,0.0,0.00018957795208417264,0.012725420033650089,0.018365364108154224,0.00028436692812625893,0.00436029289793597,0.059835541126566985,0.0009952842484419063,0.0014218346406312946,0.0,0.018863006232375176,0.013270456645892085,0.0014455318846418163,0.023175904642290104,2.369724401052158e-05,0.0,0.002630394085167895,0.0024171188890732007,0.0,0.0004028531481788668,0.0009241925164103416,0.0,0.0
39,0.0,0.0,0.0005559480651849106,0.0030577143585170086,0.016637904075794255,0.0032256570032082837,0.0007296818355551953,0.0013435411575302007,0.0005443658138268917,0.004627109417528579,0.016493125933819016,0.007794855163946768,0.0037700228170351752,0.004638691668886598,0.0033530617681464922,0.0041174903577757445,0.0,0.0029361007192578096,0.007991753437033091,0.0050846083461703285,0.0012682565237030774,0.002501766293332098,0.003248821505924322,0.0557974959172564,0.0033067327627144165,0.0156302482076466,0.07120768134910063,0.008576657130613048,0.026720253882949768,0.03051923232837999,0.01319218429678361,0.0005038279340738252,0.02059903404023674,0.016834802348880577,0.004349135384936123,0.04734245242590255,0.009642224255550794,0.01703749174764591,0.2519313404139497,0.01857214005258342,0.01644100580270793,0.004945621329874102,0.014448858569128668,0.02590949628788844,0.020842261318755138,0.011663327117525105,0.0067061235362929844,0.013255886679252715,0.006237042356293217,0.004517078029627399,0.0013956612886412863,0.018977518850114086,0.014732623727400133,0.06449576668712866,0.006364447121231426,0.017280719026164307,0.022371118498013647,0.002287494643208747,0.0046734384229606555,0.012201901805672986,0.0026291710582703066,0.0019400271024681778,0.0,0.0
40,0.0,0.0,0.0003504373727979729,0.0005121776987047295,0.006981790734974997,0.0018734921084199317,0.0002830455703368242,0.0008087016295337835,0.0013478360492229725,0.0006469613036270268,0.0035043737279797284,0.0016982734220209452,0.00146914129365304,0.0015904465380831077,0.00033695901230574313,0.002493496691062499,4.0435081476689173e-05,0.001994797352849999,0.002506975051554729,0.0018869704689121615,0.0015904465380831077,0.001320879328238513,0.0020352324343266884,0.002722628819430404,0.001172617362823986,0.0023856698071246614,0.013774884423058778,0.0036526356933942556,0.03356111762565202,0.012009219198576684,0.024341919048966883,0.011119647406089523,0.002102624236787837,0.008518323831089187,0.0007413098270726349,0.007992667771892226,0.0032752415996118232,0.004056986508161147,0.009070936611270605,0.5419648753925572,0.060369576644696936,0.006806572048576011,0.019327968945857425,0.015068807030312832,0.02347930397746418,0.004811774695726012,0.011456606418395266,0.0038548111007777014,0.0027361071799226343,0.0006065262221503376,0.0004852209777202701,0.016686210289380398,0.008612672354534794,0.05787607995363443,0.00637526451282466,0.01466445621554594,0.009138328413731753,0.007413098270726348,0.005296995673446282,0.0012804442467618238,0.004474815683420269,0.0014421845726685805,0.0,0.0
41,0.0221984143989715,0.0005220406334612463,0.0008804565907629975,0.0012310808968190585,0.03384693301127841,0.006167091960963828,0.0017180590996746987,0.0038334924128796,0.0017453298790346143,0.007168319146035024,0.010635603950367181,0.0035802637473946668,0.00528663537020083,0.004674990747414146,0.006903403003681555,0.009053898747492062,0.001316789060521651,0.004674990747414146,0.006813799014356118,0.016732571050119795,0.003942575530319263,0.0033465142100239597,0.005983988156690106,0.016900091551902138,0.002894598437773925,0.004491886943140425,0.04620449188694314,0.010503145879190448,0.04720961489763718,0.03699476011453728,0.01601184330989345,0.0006973527864892766,0.0030309523345735043,0.013931472427294155,0.001667413366577712,0.03534682587607379,0.003716617644194246,0.002688119679763134,0.010526520832927518,0.017098778658667237,0.14708689639051756,0.05969963184447864,0.009478543740382182,0.01156281044860432,0.019673919395367865,0.009872022128289538,0.0033192434306640434,0.0056762179324853414,0.003432222373726552,0.004406178779437832,0.0016440384128406415,0.01577030212127705,0.013557473167501022,0.0765919317451351,0.01471842920310887,0.02265422599684438,0.011106998850731442,0.00559050976878275,0.006751465804390596,0.008181233807974754,0.0011297894306250853,0.0031400354520131676,0.0,0.0
42,0.06518444380897913,4.289390906491278e-05,0.0023162710895052903,0.0015155847869602517,0.015213039748355734,0.0033314269373748927,0.002130397483557335,0.002802402058907635,0.0019016299685444668,0.0013869030597655132,0.006191020875035745,0.0011867314841292537,0.004203603088361453,0.004275092936802974,0.003517300543322848,0.007363454389476694,0.0008149842722333429,0.0025021446954532458,0.0043608807549328,0.003503002573634544,0.00164426651415499,0.0027166142407778096,0.004332284815556191,0.011295396053760365,0.0027166142407778096,0.003788961967400629,0.011495567629396627,0.011752931083786103,0.05694881326851587,0.025893623105519015,0.04043465827852445,0.0017872462110380327,0.001372605090077209,0.015584786960251644,0.0012868172719473834,0.014855590506148127,0.0009150700600514727,0.0008435802116099515,0.0022018873319988564,0.003116957392050329,0.0007291964541035173,0.2500428939090649,0.003946239633971976,0.06651415498999141,0.015613382899628252,0.010895052902487847,0.002030311695739205,0.002730912210466114,0.0026022304832713753,0.014626822991135258,0.0006291106662853875,0.001372605090077209,0.014312267657992565,0.009422362024592509,0.003074063482985416,0.006376894480983701,0.002816700028595939,0.002802402058907635,0.005962253360022877,0.0008292822419216471,0.0013154132113239918,0.0033314269373748927,0.0,0.0
43,0.008132719879345563,0.0,0.00032454515950440044,0.000553635860331036,0.010032263607033083,0.0023672705752085677,0.0005631813061988126,0.0010404535995876367,0.0007540902235543422,0.001145453504133178,0.003083179015291804,0.0011836352876042839,0.001441362326034249,0.0016704530268608845,0.0006968175483476833,0.0031881789198373455,0.0005059086309921536,0.001718180256199767,0.0029018155438040507,0.0018995437276875201,0.0014318168801664725,0.001641816689257555,0.0020522708615719437,0.0035031786334739695,0.0015559076764475668,0.0018231801607453083,0.011893625551249497,0.007034993604551268,0.040081327198793454,0.03159542582234016,0.004782268379756018,0.0004390905099177182,0.0017563620396708727,0.004486359557854947,0.0004963631851243772,0.014404077814474713,0.0026631793971096385,0.0016609075809931079,0.005584085832649243,0.024006796357457855,0.03851587407647811,0.4641473053206315,0.20591435825967427,0.0094977186384376,0.013506805902903724,0.006357266947939137,0.002854088314465168,0.0035127240793417455,0.0028349974227296153,0.0018518164983486376,0.0004581814016532712,0.004171359844218323,0.00624272159752582,0.0027586338557874035,0.00895362822397434,0.009869991027280884,0.002033179969836391,0.0029113609896718276,0.00504954086405376,0.0,0.000610908535537695,0.0018518164983486376,0.0,0.0
44,0.0,0.0,0.00010139167313642105,0.0011790403133292392,0.00896302390525962,0.0059502427606345385,0.0009270095829615639,0.0017758027323607458,0.003030162574305612,0.0002694121600482045,0.006332634213606183,0.001564328671247639,0.004863903405601455,0.0022451013337350376,0.0005793809893509774,0.008626982931436055,0.0008024426702511037,0.003800739290142412,0.003696450712059236,0.002074183941876499,0.0011645557885954648,0.0034067602173837473,0.0042092028876348515,0.00807367408660587,0.001717864633425648,0.0060139746694631456,0.02095910728977161,0.02416598106582927,0.10344847564861702,0.1984814424269111,0.010596878295229378,0.0025811423075586043,0.0017873903521477654,0.02924715234243734,0.002853451372553564,0.13027381545556727,0.007833230976025214,0.01704828561165251,0.03246561373828202,0.014811874992757738,0.050831991100708004,0.00410201740460492,0.01836927426737274,0.024571547758374956,0.035930312054600864,0.01584896696369599,0.006083500388185263,0.01372843254267141,0.006964159491998749,0.003928203107799627,0.0017613182076269714,0.004652429344488349,0.02631838144126815,0.03221937681780786,0.00681641733971425,0.007317581895502845,0.010231868271938262,0.018253398069502547,0.01846487213061565,2.027833462728421e-05,0.0005098552706288602,0.015153709776474816,0.0,0.0
45,0.0003046003795320729,0.0,0.00021626626946777172,0.0018215102696017957,0.03139211511457543,0.006737760395249452,0.0010295492828184063,0.0018276022771924374,0.0015778299659761374,0.01966804650638595,0.007767309678067859,0.004901020106671053,0.004444119537372944,0.007359145169494881,0.001876338337917569,0.006582414201688095,0.0026469772981337135,0.008199842217003402,0.008516626611716758,0.009262897541570336,0.0032622700647885004,0.003841010785899439,0.0026226092677711474,0.010505667090061193,0.003505950368414159,0.010731071370914927,0.05227247113149903,0.020301615295812658,0.091428849920347,0.051815570562200916,0.008830365002634791,0.0012214475219236123,0.000965583203116671,0.008413062482675853,0.0006701208349705603,0.03380455012046945,0.006634196266208548,0.014910188578094967,0.02094127609283001,0.020606215675344732,0.027021099668290187,0.011267168038891376,0.013268392532417095,0.05245523135921827,0.25158772947831093,0.0012275395295142536,0.009963478414494105,0.005589416964413538,0.0010143192638418026,0.004727397890337771,0.0005330506641811275,0.0026287012753617887,0.019467010255894777,0.013542532873995962,0.010935153625201416,0.022711004297911355,0.018041480479684676,0.016159050134176466,0.010143192638418027,0.00718856895695692,0.0013767937154849695,0.005735625146588933,0.0,0.0
46,0.0007601757347433848,0.0,0.00013973818653371044,0.0030686505762802813,0.0002571182632220272,2.2358109845393674e-05,1.6768582384045255e-05,1.6768582384045255e-05,0.00045834125183057025,0.005997562966026853,0.0001900439336858462,0.00011738007668831678,5.589527461348418e-05,5.030574715213576e-05,1.6768582384045255e-05,0.007875644193039922,0.0020289984684694756,5.030574715213576e-05,0.0008384291192022627,0.00011179054922696836,0.045442858260762636,3.912669222943892e-05,0.008244553005488917,0.0006092584932869776,0.0006260270756710228,0.00021240204353123988,0.28459638022201605,0.002369959643611729,0.0009446301409678826,0.008076867181648463,0.008261321587872962,0.0001229696041496652,0.01674622427419986,0.007149005623064627,0.0008104814818955206,0.005852235252031794,0.005399483527662572,0.0011514426570377741,0.0289872894145529,0.016556180340514013,0.00045834125183057025,0.0013135389534168782,0.0006986909326685523,0.03535376119302874,0.008211015840720827,0.29102992633002805,0.005377125417817178,0.017159849306339642,0.0020289984684694756,0.005986383911104155,0.004767866924530201,8.94324393815747e-05,0.07236761204207798,0.0644640202117313,0.010323857221110528,0.002548824522374879,0.0014588666674119372,0.006439135635473377,0.004337473310006372,1.1179054922696837e-05,0.00023476015337663356,0.001067599745117548,0.0,0.0
47,0.0,0.0,0.0,0.0,0.0,0.0,0.0,0.0,0.0,0.0,0.0,0.0,0.0,0.0,0.0,0.0,0.0,0.0,0.0,0.0,0.0,0.0,0.0,0.0,0.0,0.0,0.0,0.0,0.0,0.0,0.0,0.0,0.0,0.0,0.0,0.0,0.0,0.0,0.0,0.0,0.0,0.0,0.0,0.0,0.0,0.0,1.0,0.0,0.0,0.0,0.0,0.0,0.0,0.0,0.0,0.0,0.0,0.0,0.0,0.0,0.0,0.0,0.0,0.0
48,0.00012996971705592596,0.0,0.00019495457558388893,0.0004224015804317594,0.06360068104131737,0.010475559194707633,0.0007343289013659818,0.005172794738825853,0.008311563405726466,0.0006043591843100558,0.01696104807579834,0.009643753005549706,0.003814611195591427,0.006920887433228057,0.0012022198827673152,0.005497719031465668,0.0016246214631990745,0.00665444951326341,0.007785186051649965,0.01724048296746858,0.0015531381188183151,0.009026396849534058,0.0025863973694129263,0.004971341677389168,0.0017091017792854265,0.0068559025747000945,0.01809828310003769,0.036579976865390364,0.1752186740489466,0.055763507102845035,0.006381513107445965,0.0007083349579547966,0.00848052403789917,0.0006043591843100558,0.00010397577364474078,0.02394692036755436,0.026078423727271545,0.012223651889109836,0.018052793699068117,0.014615094682938874,0.06527729039133881,0.02903523479029386,0.024258847688488582,0.005783652408988705,0.014472127994177355,0.007700705735563613,0.006011099413836576,0.16331344796662375,0.004243511261875983,0.004763390130099686,0.0002924318633758334,0.017740866378133893,0.0029958019781390934,0.017792854264956266,0.0032817353556621304,0.001787083609518982,0.0009032895335386855,0.01529093721162969,0.012223651889109836,0.00670643740008578,0.0009357819628026669,0.004639918898896557,0.0,0.0
49,0.026583834972838054,0.0,0.00023858464249008955,0.004312876229628542,0.01044266627514315,0.004790045514608722,4.5881662017324915e-05,4.5881662017324915e-05,0.0037439436206137128,0.00019270298047276464,0.0013489208633093524,0.0013764498605197473,0.004422992218470122,1.8352664806929965e-05,0.0006331669358390839,0.005478270444868595,0.0011195125532227279,0.006350022023197769,0.005744384084569079,0.009295624724710027,0.07169468506827191,0.0019453824695345762,0.006854720305388342,0.02165614447217736,0.006074732051093819,0.003294303332843929,0.019747467332256644,0.01042431361033622,0.11227242695639407,0.060022390251064456,0.01627881368374688,0.00013764498605197474,0.010984069886947584,0.02167449713698429,0.0,0.0450466157686096,0.022289311408016443,0.012470635736308912,0.04205513140508002,0.06800579944207899,1.8352664806929965e-05,0.0,0.00022023197768315957,0.0076805902217001905,0.011598884157979739,0.004074291587138452,0.01760020554984584,0.02390434591102628,0.11289641755982968,0.002395022757304361,0.0005964616062252238,0.006368374688004699,0.022417780061664953,0.006304140361180444,0.03822860079283512,0.0007983409191014534,0.0030006606959330495,0.05235097636176773,0.03537476141535751,0.0042394655704008225,0.003202540008809279,0.0076163558948759355,0.0,0.0
50,0.0016916458719248022,0.0,0.0017834999464184564,0.0046233217495139384,0.036779902328500785,0.006621147869750922,0.0011634849435862892,0.0026101866168613463,0.0037047810045773943,0.0038731801411490945,0.01298204252843649,0.0026561136541081738,0.006659420400789945,0.008175012629935242,0.004531467675020284,0.011045452457861944,0.0019212810581589381,0.004852956935748075,0.00942269714180738,0.023866750355934538,0.003398600756265213,0.004730484836423202,0.015508029577011986,0.01279833437944918,0.016686823533013883,0.019809862065798135,0.06367783714272592,0.00639916718972459,0.047098176696621294,0.0915096217143032,0.054852191485127294,0.012652898761500896,0.07079652791598413,0.026094211662405654,0.003237856125901318,0.05170618943371963,0.005802115705515837,0.02321611732827115,0.02992911927251573,0.02003949725203227,0.0021738797630164878,1.530901241560907e-05,0.0011634849435862892,0.02255782979439996,0.010134566219133204,0.00697325515530993,0.0038884891535647032,0.009568132759755668,0.0020437531574838104,0.09810780606543072,0.00012247209932487256,0.010188147762587835,0.009614059797002495,0.01471961543760812,0.036489031092604214,0.005029010578527579,0.002946984890004746,0.007340671453284549,0.014413435189295939,0.0002908712358965723,0.007049800217387976,0.006261386077984109,0.0,0.0
51,0.0006669080238562527,0.0,0.0002667632095425011,0.0006287989939216097,0.10883938949334045,0.007412206322288065,0.0018292334368628644,0.013890741411177378,0.00417293877784341,5.7163544901964514e-05,0.03151616775594977,0.02139822030830205,0.021836474152550443,0.007469369867190031,0.007316933747451458,0.023837198224119203,0.003506030753987157,0.00670718926849717,0.01314761532745184,0.055086602770526474,0.0088603494598045,0.0066309712086278835,0.005659190945294487,0.0037346849335950154,0.0003429812694117871,0.005392427735751986,0.026504830319544214,0.03130656809130924,0.17726415274099197,0.051999771345820386,0.010137001962615041,0.0,0.001695851832091614,0.053562241573140754,0.0,0.05361940511804271,0.006993006993006993,0.0024770869457517958,0.02166498351784455,0.011661363160000762,0.0,0.0,0.00019054514967321506,0.010156056477582363,0.01773975343457632,0.009508202968693431,0.006383262514052705,0.013700196261504163,0.0024580324307844743,0.0033154856043139417,0.013757359806406128,0.014119395590785235,0.0636230254758865,0.004344429412549303,0.003829957508431623,0.0034488672090851927,0.005297155160915379,0.002553305005621082,0.003696575903660372,0.008822240429869857,0.0013528705626798267,0.0026104685505230463,0.0,0.0
52,0.0,0.0,0.0011098779134295228,0.0001849796522382538,0.0005549389567147614,0.0012578616352201257,3.699593044765076e-05,7.399186089530152e-05,0.00025897151313355527,0.0017388087310395857,0.005438401775804662,0.0030336662967073618,0.0007029226785053643,0.00014798372179060303,0.0,0.001220865704772475,0.001035886052534221,3.699593044765076e-05,0.0006659267480577137,0.0018867924528301885,0.0005919348871624121,0.00033296337402885685,0.005549389567147614,0.001849796522382538,0.0014428412874583796,0.006141324454310026,0.0633370329263781,0.013577506474287829,0.026970033296337403,0.010469848316685165,0.008953015168331484,0.00022197558268590453,0.031631520532741396,0.015242323344432113,0.0,0.0048834628190899,0.015908250092489827,0.00292267850536441,0.0024047354790972995,0.06174620791712912,0.0017018128005919348,0.0006659267480577137,0.0008879023307436181,0.003773584905660377,0.0008509064002959674,0.010173880873103959,0.0023307436182019975,0.036440991490936,0.011764705882352941,0.07846836847946725,0.0008509064002959674,0.5241953385127637,0.007288198298187199,0.01032186459489456,0.00440251572327044,0.0034036256011838696,0.0,0.00033296337402885685,0.005179430262671106,0.0014428412874583796,0.0013688494265630782,0.0005919348871624121,0.0,0.0
53,0.0019866679435982296,0.0,0.00012249634181379218,0.0022027069464334633,0.02484225811983706,0.004004516774203607,0.0013563685848108989,0.004723904381582786,0.0034298975707861812,0.004434367573659277,0.011205074466639792,0.004051288104714328,0.005280705935281842,0.0030200916272636763,0.0027216459944809828,0.006681618644388665,0.0023875650622615496,0.00510475664431294,0.005354203740370117,0.017276438608174294,0.00413814914709138,0.0003763978503005614,0.0078397658760827,0.02612512889955968,0.007911036474956178,0.004115877084943418,0.04193383861218326,0.012911114427173697,0.13491078925506633,0.06624602165289882,0.028187521854460978,0.0007617045254603078,0.00400228956798881,0.03267979678970496,0.0018307635085624942,0.017735243088422312,0.0032606298984616685,0.0009287449915700245,0.020091627263676717,0.042031835685634296,0.0341319352417521,0.005180481655616012,0.013715135870715132,0.02053706850663596,0.04390491611227792,0.016461281133558874,0.006690527469247849,0.005060212520017015,0.0028708688108723297,0.0039466094126189045,0.0006481170085057005,0.005211662542623159,0.13272812716456603,0.05344849474267973,0.019430147017882236,0.03470878165138432,0.016715182642045644,0.00042539638702607837,0.006135953121763591,0.0026481481893927076,0.0007906582062526587,0.006405445073753934,0.0,0.0
54,0.0030824240182479503,0.0,0.01719992602182356,0.0022193452931385245,0.012761235435546515,0.004438690586277049,0.0012946180876641392,0.002034399852043647,0.0024659392145983602,0.0,0.0038838542629924173,0.012144750631896925,0.006164848036495901,0.003760557302262499,0.010541890142407992,0.010480241662043031,0.0012946180876641392,0.005116823870291598,0.0039455027433573766,0.012576289994451637,0.004438690586277049,0.0027741816164231553,0.00869243573145922,0.027618519203501633,0.001479563528759016,0.005425066272116393,0.1806300474693299,0.001171321126934221,0.05499044448554344,0.15590900684298134,0.03150237346649405,0.008322544849269467,0.03156402194685901,0.030207755378829915,0.0033290179397077865,0.10911781024597744,0.004192096664817213,0.0006781332840145491,0.010726835583502866,0.0068429813205104495,0.0,0.0,0.00012329696072991802,0.0027125331360581964,0.004870229948831762,0.0022809937735034833,0.0065347389186856545,0.010480241662043031,0.004130448184452254,0.011589914308612293,0.0024042907342334014,0.007582763084889958,0.016583441218173973,0.006658035879415573,0.0622649651686086,0.017076629061093643,0.02657049503729733,0.0065347389186856545,0.010418593181678072,0.0010480241662043032,0.002157696812773565,0.002959127057518032,0.0,0.0
55,0.0013948497854077253,0.0,0.00019313304721030043,0.0009442060085836911,0.02753218884120172,0.0042274678111587985,0.00019313304721030043,0.0014377682403433477,0.004141630901287554,0.013862660944206007,0.00517167381974249,0.012188841201716738,0.00759656652360515,0.0011158798283261804,0.013068669527896995,0.0023175965665236053,0.005429184549356223,0.0017811158798283263,0.0062017167381974245,0.026866952789699573,0.008562231759656652,0.003991416309012875,0.0161587982832618,0.03824034334763948,0.006716738197424893,0.013497854077253218,0.03343347639484979,0.03238197424892704,0.07982832618025751,0.06740343347639485,0.019570815450643778,0.00017167381974248928,0.03225321888412017,0.0007296137339055794,4.291845493562232e-05,0.011072961373390559,0.01478540772532189,0.0023605150214592273,0.07218884120171673,0.07004291845493561,0.010793991416309013,4.291845493562232e-05,0.004613733905579399,0.009570815450643777,0.019678111587982834,0.01909871244635193,0.023583690987124466,0.02401287553648069,0.01738197424892704,0.008969957081545063,0.0046351931330472105,0.0006223175965665236,0.04560085836909871,0.005729613733905579,0.029935622317596566,0.007854077253218884,0.030021459227467812,0.00023605150214592278,0.0013090128755364806,0.06978540772532188,0.003969957081545065,0.003454935622317597,0.0,0.0
56,0.0,0.0,0.00025728987993138937,0.0006125949522175938,0.011712815486400392,0.00176427346238667,4.9007596177407504e-05,0.0002817936780200931,0.00035530507228620435,0.0017397696642979662,0.0046924773339867675,0.0023033570203381524,0.0010904190149473168,0.0002817936780200931,0.00019603038470963002,0.00020828228375398185,0.0008086253369272236,0.0015192354814996326,0.0014579759862778732,0.0076574369027199215,0.0024871355060034307,0.002536143102180838,0.006052438127909826,0.00660377358490566,0.0017275177652536142,0.011651555991178631,9.801519235481501e-05,0.01645430041656457,0.11776525361431023,0.049509924038225926,0.009703504043126684,8.576329331046312e-05,0.0,0.00017152658662092623,0.0026954177897574125,0.04233031119823573,0.0013354569958343543,0.0009311443273707425,0.035885812300906636,0.01497182063219799,0.00568488115657927,0.0008698848321489831,0.0026709139916687085,0.004729233031119824,0.012006861063464836,0.010156824307767705,0.0023891203136486155,0.006187209017397697,0.004496446949277138,0.0019358000490075963,0.0011149228130360206,1.2251899044351876e-05,0.011602548395001225,0.004361676059789267,0.0056603773584905665,0.5279710855182553,0.013060524381279097,0.0012374418034795393,0.003160989953442784,0.01770399411908846,0.0009188924283263906,0.0020828228375398185,0.0,0.0
57,0.0,0.0,0.0,0.0,0.0,0.0,0.0006148170919151552,0.0,0.0,0.0,0.0,0.0,0.0,0.0,0.0,0.0,0.0,0.0,0.0,0.0,0.0,0.0,0.0,0.0,0.0,0.0,0.0003074085459575776,0.0,0.0,0.012296341838303105,0.0003074085459575776,0.0,0.0,0.0006148170919151552,0.0,0.002151859821703043,0.0,0.0,0.0,0.0003074085459575776,0.0,0.0,0.0,0.004303719643406086,0.0,0.0,0.011681524746387948,0.0,0.0,0.0,0.0,0.0,0.0,0.0,0.13771902858899476,0.21334153089455887,0.5957577620657855,0.0,0.0,0.0,0.0,0.0205963725791577,0.0,0.0
58,0.0004701678499224223,0.0,0.0007052517748836334,4.7016784992242234e-05,0.009450373783440689,9.403356998448447e-05,4.7016784992242234e-05,0.0,0.0021157553246509003,0.003291174949456956,0.003009074239503503,0.0055009638440923405,0.0,0.0,9.403356998448447e-05,0.0,0.0012694531947905403,0.0,0.003432225304433683,0.008510038083595845,0.001880671399689689,9.403356998448447e-05,0.018618646856927924,0.0,4.7016784992242234e-05,0.00028210070995345337,9.403356998448447e-05,0.00028210070995345337,0.04696976820724999,0.00484272885420095,0.01542150547745545,0.0,0.00949739056843293,0.0,0.008133903803657905,0.11406272039117964,0.02947952419013588,0.024965912830880625,0.02346137571112887,0.00014105035497672668,0.012412431237951948,0.0014105035497672669,0.005547980629084583,0.0039023931543561052,0.050401993511683674,0.040434435093328315,0.0038553763693638626,0.05162442992148197,0.03493347124923597,0.021956838591377124,0.006582349898913912,0.04391367718275425,0.0638017772344727,0.004936762424185434,0.002868023884526776,0.0,0.0,0.2033005783064554,0.10146222201325873,0.002021721754666416,0.00032911749494569557,0.007992853448681178,0.0,0.0
59,0.0,0.0,0.00013193606755126656,1.884800965018094e-05,0.011911942098914354,0.0013570566948130278,0.0,0.0007727683956574185,0.0008670084439083231,0.014079463208685162,0.0016397768395657417,0.0015078407720144752,0.0019790410132689987,0.0,0.002827201447527141,0.0017905609167671894,0.002563329312424608,1.884800965018094e-05,0.0038261459589867307,0.008293124246079614,0.009574788902291917,0.007143395657418576,0.012722406513872134,0.0,3.769601930036188e-05,0.002619873341375151,0.00011308805790108563,0.009989445114595898,0.10937499999999999,0.0026387213510253318,0.0,0.0,0.0,0.013890983112183354,0.009367460796139928,0.0329274728588661,0.024577804583835947,0.019319209891435464,0.033172496984318456,0.00011308805790108563,0.01707629674306393,0.0017340168878166463,0.007558051869722557,0.017377864897466826,0.025972557297949336,0.007331875753920385,0.0029968335343787695,0.033869873341375145,0.02715998190591073,0.019149577804583835,0.005258594692400482,0.07561821471652592,0.04280382991556091,0.005729794933655006,0.002770657418576598,0.0,0.0007350723763570567,0.17971577201447525,0.16554206875753918,0.018772617611580215,0.0011308805790108563,0.0005277442702050662,0.0,0.0
60,0.0012448455613475453,0.0,0.004714852563603828,9.336341710106589e-05,0.012230607640239631,0.0006535439197074614,0.0010114370185948806,0.0016338597992686533,0.00015560569516844317,0.005539562747996577,0.01996421069011126,0.006364272932389325,0.0013537695479654555,0.005866334707850308,0.00443476231230063,0.008013693301174823,0.0006224227806737727,0.0012759667003812338,0.0024274488446277133,0.013179802380767136,0.0013382089784486112,0.0058352135688166185,0.005243911927176535,0.03507352369096709,0.0009180736014938148,0.01319536295028398,0.00015560569516844317,0.016385279701237064,0.06714385746518323,0.032210378899867734,0.03056095853108224,0.0009025130319769703,0.0,0.0048548976892554266,1.556056951684432e-05,0.025379288881973078,0.002302964288492959,0.0037189761145257913,0.006037500972535594,0.07479965766747063,0.013599937757721933,0.0007313467672916829,0.005990819263985062,0.019046137088617444,0.04675951139811717,0.033859799268653235,0.006831090017894655,0.015902902046214893,0.015155994709406366,0.0029253870691667316,0.004185793200031121,0.0,0.02494359293550144,0.0026764179568972224,0.011514821442464794,0.0026764179568972224,0.05564459659223528,0.12683420213179802,0.08958219870847274,0.0995409631992531,0.0030965533338520187,0.0016494203687854975,0.0,0.0
61,0.009165562913907285,0.0,0.0013774834437086092,0.0020662251655629137,0.01176158940397351,0.0014304635761589405,0.002013245033112583,0.00466225165562914,0.0022781456953642385,0.003337748344370861,0.005403973509933774,0.0013245033112582781,0.0027549668874172185,0.003814569536423841,0.0,0.0032847682119205297,0.006940397350993378,0.002225165562913907,0.010119205298013245,0.007523178807947019,0.0010596026490066225,0.0010596026490066225,0.007788079470198675,0.01409271523178808,0.003655629139072848,0.005086092715231788,0.014251655629139073,0.0035496688741721853,0.006516556291390729,0.005721854304635762,0.051655629139072845,0.002543046357615894,0.006251655629139073,0.022039735099337748,0.0010066225165562914,0.057695364238410596,0.001271523178807947,0.0007947019867549669,0.010278145695364237,0.017165562913907285,0.0009536423841059602,0.00010596026490066226,0.0015364238410596027,0.00943046357615894,0.1307019867549669,0.0010596026490066225,0.0038675496688741723,0.0019602649006622516,0.0012185430463576158,0.011231788079470199,5.298013245033113e-05,0.0009006622516556292,0.004874172185430463,0.1109933774834437,0.0976953642384106,0.06924503311258277,0.0036026490066225166,0.002543046357615894,0.003973509933774834,0.0004768211920529801,0.2254834437086093,0.0031258278145695367,0.0,0.0
62,0.0,0.0,0.0004980630879911456,0.0010514665190924184,0.021306032097399005,0.009463198671831766,0.0016602102933038186,0.004316546762589928,0.001162147205312673,0.011289429994465965,0.012340896513558384,0.0020475926950747096,0.006087437742114001,0.004316546762589928,0.008301051466519093,0.008301051466519093,0.002767017155506364,0.003763143331488655,0.006862202545655783,0.02407304925290537,0.003154399557277255,0.006087437742114001,0.010293303818483675,0.01649142224681793,0.0021029330381848368,0.004316546762589928,0.013281682346430549,0.01914775871610404,0.03276148312119535,0.03314886552296624,0.0176535694521306,0.0006087437742114002,0.009463198671831766,0.010736026563364693,0.0017708909795240732,0.06181516325401218,0.0042058660763696736,0.020863309352517987,0.005866076369673492,0.011898173768677366,0.0014941892639734368,0.0010514665190924184,0.0008854454897620366,0.019756502490315443,0.015716657443276147,0.009241837299391256,0.00570005534034311,0.01239623685666851,0.006696181516325401,0.09424460431654677,0.002822357498616491,0.011123408965135584,0.019313779745434422,0.002767017155506364,0.003707802988378528,0.06646375207526287,0.10276701715550636,0.004316546762589928,0.015163254012174875,0.002767017155506364,0.0019922523519645824,0.184338682899834,0.0,0.0
63,0.0,0.0,0.0,0.0,0.0,0.0,0.0,0.0,0.0,0.0,0.0,0.0,0.0,0.0,0.0,0.0,0.0,0.0,0.0,0.0,0.0,0.0,0.0,0.0,0.0,0.0,0.0,0.0,0.0,0.0,0.0,0.0,0.0,0.0,0.0,0.0,0.0,0.0,0.0,0.0,0.0,0.0,0.0,0.0,0.0,0.0,0.0,0.0,0.0,0.0,0.0,0.0,0.0,0.0,0.0,0.0,0.0,0.0,0.0,0.0,0.0,0.0,0.0,0.0
64,0.0,0.0,0.0,0.0,0.0,0.0,0.0,0.0,0.0,0.0,0.0,0.0,0.0,0.0,0.0,0.0,0.0,0.0,0.0,0.0,0.0,0.0,0.0,0.0,0.0,0.0,0.0,0.0,0.0,0.0,0.0,0.0,0.0,0.0,0.0,0.0,0.0,0.0,0.0,0.0,0.0,0.0,0.0,0.0,0.0,0.0,0.0,0.0,0.0,0.0,0.0,0.0,0.0,0.0,0.0,0.0,0.0,0.0,0.0,0.0,0.0,0.0,0.0,0.0
